<?xml version="1.0" encoding="UTF-8"?>
<metadata>
  <groupId>cn.iinti.sekiro.business</groupId>
  <artifactId>sekiro-open-demo</artifactId>
  <versioning>
    <release>0.0.1</release>
    <versions>
      <version>1.0</version>
      <version>1.2.1</version>
      <version>3.12.0</version>
      <version>1.7.30</version>
      <version>1.2.9</version>
      <version>1.18.20</version>
      <version>0.0.1</version>
    </versions>
    <lastUpdated>20231109152649</lastUpdated>
  </versioning>
</metadata>
